Workbook

Sheet Log
A1: Version | B1: Datum | C1: Notebook | D1: Änderung | E1: Warum | F1: Erwartung | G1: Ø | H1: Ergebnis | I1: Chats
A2: v0 | B2: 46323 | C2: A | D2: • nur Basisprompt, keine Bausteine | E2: • Baseline, damit ich nachher vergleichen kann | F2: • nix, Ausgangspunkt | G2: =IFERROR(AVERAGEIF(Bewertung!$A$6:$A$23,A2,Bewertung!$P$6:$P$23),"") -> 0.36363636 | H2: • 1-3 von 9 Kriterien (später auf 11 nachbewertet) • 3/3 Läufe: keine Hypothesen, eigene Dimensionen statt Konstrukte • Konstrukte mit weniger als 3 Items, Doppelfragen durch zusammengelegte Items • Zusatzkapitel, die keiner wollte • A-Quote 27-68 %, 21-40 Items -> total instabil • Theoriewahl aber stabil (Vertrauen, RAA/UTAUT2/SET, STS) • Lauf 3: erfundene Originalzitate unter echten Autoren!! | I2: v0_lauf1.pdf v0_lauf2.pdf v0_lauf3.pdf
A3: v1 | B3: 46323 | C3: A | D3: • feste Arbeitsschritte: Theorie -> Modell/Hypothesen (Richtung + Quelle) -> Konstrukte -> 3-5 Items • festes Ausgabeformat, 4 Teile, Fragebogen als Tabelle • sonst nix ausgeben | E3: • v0 hatte null Vorgehen • keine Hypothesen, eigene Dimensionen, zu wenig Items • jedes Mal Zusatzkapitel | F3: • K1, K4, K7, K8 sollten passen, Zusatzkapitel weg • Sorge: mehr erfundene Items, weil 3-5 Pflicht und keine Regel woher • Schritte + Format gleichzeitig drin -> nicht trennbar | G3: =IFERROR(AVERAGEIF(Bewertung!$A$6:$A$23,A3,Bewertung!$P$6:$P$23),"") -> 0.60606061 | H3: • Struktur passt (K1, K4, K7, K8 immer 1), Zusatzkapitel weg • erfundene Items? nö, schreibt fast wörtlich ab (A 80-100 %) • ABER überall wir-/Unternehmensperspektive -> K9 = 0 • mega instabil: 5 Versuche, 1x Fehlermeldung, 1x hängt, 2x Neuansätze • pro Neuansatz wird das Modell kleiner, am Ende nur noch Vertrauen • v0-Kontrolle läuft normal -> liegt am Prompt • Verdacht: zu lang (Antwortskala in jeder Zeile) | I3: v1_lauf1.pdf v1_lauf2.pdf v1_lauf3.pdf v0_kontrolle.pdf
A4: v2 | B4: 46323 | C4: A | D4: • Perspektive: Ich-Form, eigene Arbeit • Quellenregel: nur Items aus Skalen in den Quellen, nur Gegenstand + Perspektive anpassen, nix dazu/weg/zusammen • Quelle pro Item, sonst "neu formuliert", unter 3 auffüllen, über 5 die ersten 5 • Antwortskala nur 1x über der Tabelle | E4: • v1: Perspektive überall falsch ("wir", "Unternehmensprozesse") • veränderte Items trotzdem mit Quelle ("verstärkt" dazu, "ohne Kontrolle" weg) • dauernd Abbrüche, wsl. Länge • 3 Sachen ohne Zusammenhang, kommen trotzdem zusammen rein | F4: • K2, K3, K6, K9 sollten passen, weniger Abbrüche • Risiko: noch kleiner, nimmt einfach einen Fragebogen komplett -> RAA raus? | G4: =IFERROR(AVERAGEIF(Bewertung!$A$6:$A$23,A4,Bewertung!$P$6:$P$23),"") -> 0.81818182 | H4: • 3x 9/9, keine Neuansätze mehr (1 Hänger, Neustart ok) • alle 3 fast gleich: Vertrauen, 5 Konstrukte, 16 Items = FB 4 • Perspektive + Quellen ok • aber genau das Befürchtete: nur noch Vertrauen, RAA weg -> KI-Readiness = Vertrauen?! • Kriterien merken das nicht mehr, alles 9/9 • Kleinkram: KI-Tools/KI-Anwendungen gemischt, invers nicht markiert | I4: v2_lauf1.pdf v2_lauf2.pdf v2_lauf3.pdf
A5: v3 | B5: 46323 | C5: A | D5: • Theorievergleich: alle Theorien listen, Passung prüfen, rein/raus begründen • Zielgröße: Nutzungsabsicht + Einflussfaktoren • Aufgabe als Lückentext [THEMA] [ZIELGRUPPE] [GEGENSTAND] [ZIELGRÖSSE] • Perspektive allgemeiner ("bezogen auf sich selbst") • Quellenregel: invers markieren, 1 Bezeichnung für den Gegenstand | E5: • v2 nur Vertrauen + FB 4, RAA weg • invers nicht markiert -> Auswertung rechnet falsch • Kriterien bei 9/9 sagen nix mehr -> K10 + K11 neu • Platzhalter, damit gleicher Prompt für die Rekonstruktion | F5: • K10, K11 erfüllt • hoffentlich wieder mehr Theorien, v.a. RAA • dann länger -> evtl. wieder Abbrüche = Test für den Längen-Block | G5: =IFERROR(AVERAGEIF(Bewertung!$A$6:$A$23,A5,Bewertung!$P$6:$P$23),"") -> 0.93939394 | H5: • erst 3x 11/11, nach K10-Schärfung 10/10/11 • keine Abbrüche, Vergleich + invers ok • aber weiter nur Vertrauen + FB 4 • RAA fliegt jedes Mal raus, Gründe schwach ("zu allgemein", "fehlende KI-Aspekte") • 1x sogar "hoch passend" und trotzdem raus?? • 1 Lauf: DSR + ENISA als Theorien, dazu TAM, steht gar nicht in den Quellen • K10 prüft nur ob begründet wird, nicht ob es Sinn macht -> wirkt nachträglich gerechtfertigt • mehr Theorien kamen nicht -> Längen-Block weiter ungetestet | I5: v3_lauf1.pdf v3_lauf2.pdf v3_lauf3.pdf
A6: v4 | B6: 46324 | C6: A | D6: • Quellenregel: fremdsprachige Items sinngleich übersetzen ok • Sprache kein Kriterium für die Theoriewahl • "(übersetzt)" markieren, "(invers)" nur wenn im Original negativ • Schritt 2: Richtung aus der Hypothese, nicht aus dem Ergebnis | E6: • Ursachentest: eng v.a. wenn Quellenregel + deutscher FB 4 zusammenkommen • Material kann ich nicht ändern, Prompt muss damit klarkommen • Kontrolle -> Nutzungsabsicht öfter mit Minus (Ergebnis aus Paper 2 statt H10: +) • beim Übersetzen 1 Item sinnverkehrt und dann als invers markiert | F6: • eher 1-2 von 3 breiter (FB 4 liegt ja weiter drin) • Kontrolle-Hypothesen mit +, übersetzte Items markiert | G6: =IFERROR(AVERAGEIF(Bewertung!$A$6:$A$23,A6,Bewertung!$P$6:$P$23),"") -> 0.96969697 | H6: • nope: 0 von 3 breiter, immer Vertrauen + FB 4 • nix übersetzt -> Übersetzungsregel nicht prüfbar • "Sprache kein Kriterium" kommt gegen den deutschen FB nicht an, RAA raus ("technologieunspezifisch") • heißt: Verengung durchs Material krieg ich mit Anweisung allein nicht weg • sonst 11/11 bzw. 10/11 (1x TAM erfunden) • Richtungs- + Invers-Regel bleiben • v4 -> Rekonstruktion | I6: v4_lauf1.pdf v4_lauf2.pdf v4_lauf3.pdf rek4_p1_lauf1.pdf rek4_p1_lauf2.pdf rek4_p1_lauf3.pdf rek4_p3_lauf1.pdf (Paper 3) rek4_p3_lauf2.pdf (Paper 3) rek4_p3_lauf3.pdf (Paper 3)
A7: v5 | B7: 46324 | C7: A + B | D7: • 3 Änderungen auf einmal nach der Rekonstruktion • Quellenregel strenger: "adaptiert aus ..." zählt nicht, keine erfundenen Kennungen, "(übersetzt)" nur wenn Itemtext wirklich abgedruckt, Check vor Ausgabe • neuer Block Konstrukttreue: getrennt bleibt getrennt, weglassen nur mit Begründung, keine Doppelfragen • Ausgabelänge: max 2 Sätze pro Theorie, lieber Begründungen kürzen als Konstrukte/Items • Langfassung (~4.700 Zeichen) ließ sich in NotebookLM nicht abschicken -> auf ~3.100 gekürzt, Regeln gleich, Formulierung knapper ("Beginne erst wenn ..." + Vorrangregel übernommene Items weg) | E7: • Rekonstruktion mit v4: fast alles "(übersetzt)" mit erfundenen IDs, obwohl in Paper 1 + 3 gar keine Itemtexte stehen -> Quellen gefakt • Paper 3: getrennte Konstrukte zusammengeworfen oder weg, 1 Lauf mit Doppelfragen | F7: • ohne Itemtext -> "neu formuliert", keine Fake-IDs • Paper 3 deutlich mehr Konstrukte, keine Sammelkonstrukte • Längen-Teil nur Vermutung: legt er trotzdem zusammen, lag es nicht an der Länge • Selbstcheck eher Versuch als Absicherung • Notebook A darf nicht schlechter werden • alles auf einmal -> 3 Sachen nicht einzeln bewertbar | G7: =IFERROR(AVERAGEIF(Bewertung!$A$6:$A$23,A7,Bewertung!$P$6:$P$23),"") -> 0.96969697 | H7: • Notebook A wie v4 (11/11, 11/11, 10/11) -> nix kaputt • Quellen-Fake komplett weg, alles "neu formuliert" • Paper 3 viel stabiler: alle 8 Aufgabentypen + 3 Technologiemerkmale getrennt, 3x 13/21 (v4: 9, 10, 2) • Item-Treffer P3 35-44 % (v4: 8-29), P1 bleibt bei ~30 % • keine Abbrüche, keine Sammelkonstrukte • bleibt: TTF nur allgemein statt je Aufgabentyp (Paper fasst TTF im Modell aber selbst zusammen!) • neue Kleinigkeiten: A-Lauf 1 markiert deutsche Items als "(übersetzt)", P1 Lauf 1 Kosten in Hypothesen ohne Items | I7: v5_lauf1.pdf v5_lauf2.pdf v5_lauf3.pdf rek5_p1_lauf1.pdf rek5_p1_lauf2.pdf rek5_p1_lauf3.pdf rek5_p3_lauf1.pdf rek5_p3_lauf2.pdf rek5_p3_lauf3.pdf
A8: Ablation | B8: 46324 | C8: A (abgewandelt) | D8: • keine eigene Version • Tests A, B, C -> Blatt Ursachentest | E8: • v2 + v3 immer nur Vertrauen • Quellenregel schuld? Material? beides? | F8: • nehm ich einen Faktor raus, wird es breiter | G8: =IFERROR(AVERAGEIF(Bewertung!$A$6:$A$23,A8,Bewertung!$P$6:$P$23),"") | H8: • eng nur stabil, wenn beides zusammenkommt (3 Läufe pro Test -> eher Tendenz) • bis 10 Konstrukte kein Abbruch -> Längen-Block wirkt wohl • nicht mit K1-K11 bewertet | I8: A: v3_abl_quellenregel_lauf1.pdf, _lauf2.pdf, _lauf3.pdf B: v3_en_only_lauf1.pdf, _lauf2.pdf, _lauf3.pdf C: v3_abl_quellenregel_lauf1_en.pdf, _lauf2_en.pdf, _lauf3_en.pdf
A9: Final | B9: 46324 | C9: A + B | D9: • v5 ist final, keine neuen Läufe | G9: =IFERROR(AVERAGEIF(Bewertung!$A$6:$A$23,A9,Bewertung!$P$6:$P$23),"") | H9: • nur 3 Läufe pro Version • bewertet nur von mir (teils mit Claude), keine zweite Person • Kriterien ab v3 fast immer voll, versteckte Fehler erst bei der Rekonstruktion • v2 + v5 mehrere Änderungen auf einmal, v5 dazu gekürzter Wortlaut • Längen-Block nur Hinweis, kein Beweis • Rekonstruktion v4 war Grundlage für v5 -> kein unabhängiger Test mehr • Notebook A bleibt beim Vertrauensmodell • TTF-Items je Aufgabentyp fehlen • Item-Treffer nur 30-44 %, Paper haben ja keine Itemtexte | I9: siehe v5

Sheet Bewertung
A1: Kriterien
A2: Kriterium | D2: K1: Jedes Item genau einem Konstrukt zugeordnet | E2: K2: Jedes Item hat eine korrekte Quellenangabe oder ist als „neu formuliert“ gekennzeichnet | F2: K3: Items aus etablierten Skalen übernommen/angepasst | G2: K4: 3–5 Items je Konstrukt | H2: K5: Keine Doppelfragen | I2: K6: Keine Suggestivfragen | J2: K7: Einheitliche Antwortskala | K2: K8: Theoriewahl begründet, Hypothesen mit Richtung (+/−) und Quelle | L2: K9: Items auf Mitarbeitende und KI am Arbeitsplatz übertragen | M2: K10: Theoriewahl prüft alle Theorien aus den Quellen (und nur diese) und begründet Aufnahme oder Ausschluss; die Begründung passt zur eigenen Bewertung | N2: K11: Negativ formulierte Items sind als invers gekennzeichnet (keine vorhanden = 1)
A3: Gütekriterium | D3: Validität | E3: Validität | F3: Validität, Reliabilität | G3: Reliabilität | H3: Objektivität | I3: Objektivität | J3: Objektivität | K3: Validität | L3: Validität | M3: Validität | N3: Objektivität
N4: Max: | O4: =COUNTA(D2:N2) -> 11
A5: Version | B5: Lauf | C5: Datum | D5: K1 | E5: K2 | F5: K3 | G5: K4 | H5: K5 | I5: K6 | J5: K7 | K5: K8 | L5: K9 | M5: K10 | N5: K11 | O5: Summe | P5: Anteil | Q5: Notiz
A6: v0 | B6: 1 | C6: 46323 | D6: 1 | E6: 0 | F6: 0 | G6: 0 | H6: 0 | I6: 0 | J6: 1 | K6: 0 | L6: 1 | M6: 1 | N6: 1 | O6: =IF(COUNT(D6:N6)=0,"",SUM(D6:N6)) -> 5 | P6: =IF(O6="","",O6/$O$4) -> 0.45454545 | Q6: • 21 Items, A/B/C 11/8/2 (A 52%) • 5 eigene „Dimensionen“ statt Konstrukte, meist 1 Item pro Konstrukt • Keine Hypothesen • Doppelfragen (K1.3, E4.3, E4.4, V5.4) • Verstärker „deutlich/spürbar“ (E4.1, E4.2) • Veränderte Items behalten Quelle (D2.4, S3.4) • Zusatzkapitel Abteilungen/Empowerment • Theorien: Vertrauen, STS, RAA/UTAUT2/SET • K10/11 später nachbewertet: alle 3 Theorien drin, invers D2.3, E4.4 markiert
A7: v0 | B7: 2 | C7: 46323 | D7: 0 | E7: 0 | F7: 0 | G7: 0 | H7: 0 | I7: 1 | J7: 0 | K7: 0 | L7: 0 | M7: 1 | N7: 1 | O7: =IF(COUNT(D7:N7)=0,"",SUM(D7:N7)) -> 3 | P7: =IF(O7="","",O7/$O$4) -> 0.27272727 | Q7: • 22 Items, A/B/C 6/13/3 (A 27%) • 6 Dimensionen, Konstrukte gemischt, keine Zuordnung, keine Quellen pro Item • Keine Hypothesen • Skala unklar (7er „bzw.“ 5er) • NA-01 in Wir-Form • Viele Items zusammengelegt/umgedeutet • Zusatzkapitel + Index • K10/11 nachbewertet: alle 3 Theorien, keine negativen Items
A8: v0 | B8: 3 | C8: 46323 | D8: 1 | E8: 0 | F8: 0 | G8: 0 | H8: 0 | I8: 0 | J8: 1 | K8: 0 | L8: 0 | M8: 1 | N8: 1 | O8: =IF(COUNT(D8:N8)=0,"",SUM(D8:N8)) -> 4 | P8: =IF(O8="","",O8/$O$4) -> 0.36363636 | Q8: • 40 Items, A/B/C 27/9/4 (A 68%) • Beste Struktur, aber 5 Konstrukte unter 3 Items • Keine Hypothesen • 6 erfundene Originalzitate unter echten Autoren (PUS_1/2, PN_2, OS_1/2, TEC_2), PEOU falsch Fishbein & Ajzen zugeordnet • Verstärker • Wir-Form (TRU_1, ITU_1) • „unweiblich“ (BEN_2) • Zusatzkapitel • K10/11 nachbewertet: alle 3 Theorien, invers INT_3, BEN_1-3, TRU_2 markiert
A9: v1 | B9: 1 | C9: 46323 | D9: 1 | E9: 0 | F9: 0 | G9: 1 | H9: 1 | I9: 0 | J9: 1 | K9: 1 | L9: 0 | M9: 0 | N9: 1 | O9: =IF(COUNT(D9:N9)=0,"",SUM(D9:N9)) -> 6 | P9: =IF(O9="","",O9/$O$4) -> 0.54545455 | Q9: • Versuch 1 • 4 Fassungen, 3 brechen in der Tabelle ab • Theorie schwankt (1-3: Vertrauen + UTAUT2/RAA, 8 Konstrukte; 4: nur Vertrauen, 5) • Bewertet: Fassung 4 • 15 Items, A ca • 80% • Erfunden: Benevolence „angemessene Unterstützung“, Integrity 3 (statt D3), trotzdem mit Quelle • Wir-Form bei Vertrauen/Intention • „verstärkt“ dazugeschrieben • K10/11 nachbewertet: nur Vertrauen, Rest nicht begründet, keine neg • Items
A10: v1 | B10: 2 | C10: 46323 | D10: 1 | E10: 0 | F10: 0 | G10: 1 | H10: 1 | I10: 0 | J10: 1 | K10: 1 | L10: 0 | M10: 0 | N10: 1 | O10: =IF(COUNT(D10:N10)=0,"",SUM(D10:N10)) -> 6 | P10: =IF(O10="","",O10/$O$4) -> 0.54545455 | Q10: • Versuch 4 (2: Fehlermeldung, 3: Hänger über 15 min, v0-Kontrolle lief normal) • 3 Fassungen, jedes Mal Abbruch in der Tabelle, Modell wird kleiner (6, 6, 5) • Bewertet: Fassung 3 • 15 Items, A ca • 93% • T3 ohne „ohne Kontrolle“ • Wir-Form • „verstärkt“ dazu • RAA genannt, aber keine RAA-Konstrukte • Skala wechselt • K10/11 nachbewertet: Vertrauen + PEOU, STS nicht geprüft, keine neg • Items
A11: v1 | B11: 3 | C11: 46323 | D11: 1 | E11: 1 | F11: 1 | G11: 1 | H11: 1 | I11: 1 | J11: 1 | K11: 1 | L11: 0 | M11: 0 | N11: 0 | O11: =IF(COUNT(D11:N11)=0,"",SUM(D11:N11)) -> 8 | P11: =IF(O11="","",O11/$O$4) -> 0.72727273 | Q11: • Versuch 5 • Eine Fassung • Nur Vertrauen (5 Konstrukte, 4 H) • 16 Items = Fragebogen 4 fast wortgleich (deutsche Fassung, „ChatGPT“ -> „KI-Anwendung“), A 100% • Aber nicht auf Mitarbeitende angepasst: „wir“, „unsere Unternehmensprozesse“ • Punkte vor allem durchs Abschreiben, nur K9 merkts • K10/11 nachbewertet: kein Ausschluss begründet, U1-U3, D3, T2 nicht markiert
A12: v2 | B12: 1 | C12: 46323 | D12: 1 | E12: 1 | F12: 1 | G12: 1 | H12: 1 | I12: 1 | J12: 1 | K12: 1 | L12: 1 | M12: 0 | N12: 0 | O12: =IF(COUNT(D12:N12)=0,"",SUM(D12:N12)) -> 9 | P12: =IF(O12="","",O12/$O$4) -> 0.81818182 | Q12: • Ca • 2-3 min, keine Neuansätze • Nur Vertrauen (5 Konstrukte, 4 H) • 16 Items = Fragebogen 4, Ich-Form, Quellen passen (X1-I3) • A 100% • „KI-Tools“/„KI-Anwendungen“ gemischt, U2 Singular • Inverse nicht markiert • RAA fehlt • K10/11 nachbewertet: kein Ausschluss begründet, inverse nicht markiert
A13: v2 | B13: 2 | C13: 46323 | D13: 1 | E13: 1 | F13: 1 | G13: 1 | H13: 1 | I13: 1 | J13: 1 | K13: 1 | L13: 1 | M13: 0 | N13: 0 | O13: =IF(COUNT(D13:N13)=0,"",SUM(D13:N13)) -> 9 | P13: =IF(O13="","",O13/$O$4) -> 0.81818182 | Q13: • Versuch 1 Hänger über 14 min, abgebrochen • Versuch 2 normal • Fast gleich wie Lauf 1 • A 100% • U2 Singular, inverse nicht markiert, RAA fehlt • K10/11 wie Lauf 1
A14: v2 | B14: 3 | C14: 46323 | D14: 1 | E14: 1 | F14: 1 | G14: 1 | H14: 1 | I14: 1 | J14: 1 | K14: 1 | L14: 1 | M14: 0 | N14: 0 | O14: =IF(COUNT(D14:N14)=0,"",SUM(D14:N14)) -> 9 | P14: =IF(O14="","",O14/$O$4) -> 0.81818182 | Q14: • Gleich wie Lauf 1 und 2 • A 100% • Skala diesmal ausgeschrieben • U2 Singular, inverse nicht markiert, RAA fehlt • K10/11 wie Lauf 1
A15: v3 | B15: 1 | C15: 46323 | D15: 1 | E15: 1 | F15: 1 | G15: 1 | H15: 1 | I15: 1 | J15: 1 | K15: 1 | L15: 1 | M15: 0 | N15: 1 | O15: =IF(COUNT(D15:N15)=0,"",SUM(D15:N15)) -> 10 | P15: =IF(O15="","",O15/$O$4) -> 0.90909091 | Q15: • Keine Neuansätze • 9 „Theorien“ geprüft, auch DSR und ENISA (keine Verhaltenstheorien) und TAM (Davis 1989), steht nicht in den Quellen • Nur Vertrauen gewählt • RAA raus, weil „zu allgemeinpsychologisch“, spräche eher für Kombi • 16 Items aus Fragebogen 4, Quellen ok, 6 Items richtig invers • K10 nach Schärfung (29.10.) = 0 wegen TAM
A16: v3 | B16: 2 | C16: 46323 | D16: 1 | E16: 1 | F16: 1 | G16: 1 | H16: 1 | I16: 1 | J16: 1 | K16: 1 | L16: 1 | M16: 0 | N16: 1 | O16: =IF(COUNT(D16:N16)=0,"",SUM(D16:N16)) -> 10 | P16: =IF(O16="","",O16/$O$4) -> 0.90909091 | Q16: • Keine Neuansätze • 6 Theorien • RAA „hoch“ passend und trotzdem raus • Nur Vertrauen • Fragebogen wie Lauf 1 • K10 nach Schärfung = 0, Bewertung und Ausschluss widersprechen sich
A17: v3 | B17: 3 | C17: 46323 | D17: 1 | E17: 1 | F17: 1 | G17: 1 | H17: 1 | I17: 1 | J17: 1 | K17: 1 | L17: 1 | M17: 1 | N17: 1 | O17: =IF(COUNT(D17:N17)=0,"",SUM(D17:N17)) -> 11 | P17: =IF(O17="","",O17/$O$4) -> 1 | Q17: • Keine Neuansätze • 6 Theorien mit Quelle • RAA raus, weil in den Quellen „für Konsumenten operationalisiert“ • Nur Vertrauen • Fragebogen wie Lauf 1/2 • U2 Singular (wie Original) • K10 bleibt 1, „mittel“ und Ausschluss passen zusammen
... A23: v5 | B23: 3 | C23: 46324 | D23: 1 | E23: 1 | F23: 1 | G23: 1 | H23: 1 | I23: 1 | J23: 1 | K23: 1 | L23: 1 | M23: 0 | N23: 1 | O23: =IF(COUNT(D23:N23)=0,"",SUM(D23:N23)) -> 10 | P23: =IF(O23="","",O23/$O$4) -> 0.90909091 | Q23: • Wie Lauf 1 • K10 = 0: TAM wieder „im Literaturüberblick genannt“, steht nicht drin (wie v4 Lauf 3)

Sheet Rekonstruktion
A1: Mit v4
A2: Paper | B2: Lauf | C2: Konstrukte Original | D2: Konstrukte getroffen | E2: Quote Konstrukte | F2: Items Original | G2: Items inhaltlich übereinstimmend | H2: Quote Items | I2: Notiz
A3: Paper 1 | B3: 1 | C3: 11 | D3: 11 | E3: =IF(OR(C3="",D3=""),"",D3/C3) -> 1 | F3: 37 | G3: 13 | H3: =IF(OR(F3="",G3=""),"",G3/F3) -> 0.35135135 | I3: • Alle 11 + Abilities und Nonadaptive Rewards • Fast alles „(übersetzt)“ mit erfundenen IDs, im Paper stehen aber keine Items (K2 verletzt) • Treffer vor allem Intention, PBC, Normen • Attitude (disease) daneben • 3 Neustarts, letzte Fassung bewertet
A4: Paper 1 | B4: 2 | C4: 11 | D4: 11 | E4: =IF(OR(C4="",D4=""),"",D4/C4) -> 1 | F4: 37 | G4: 11 | H4: =IF(OR(F4="",G4=""),"",G4/F4) -> 0.2972973 | I4: • Alle 11 (+2) • Gleiches Problem mit „(übersetzt)“ und Fake-IDs • Attitude (disease) daneben • 3 Neustarts
A5: Paper 1 | B5: 3 | C5: 11 | D5: 10 | E5: =IF(OR(C5="",D5=""),"",D5/C5) -> 0.90909091 | F5: 37 | G5: 11 | H5: =IF(OR(F5="",G5=""),"",G5/F5) -> 0.2972973 | I5: • Costs/Barriers fehlt • Fake-IDs, Quelle teils einfach „Paper Fragebogen 1.pdf“ • 4 Neustarts
A6: Paper 3 | B6: 1 | C6: 21 | D6: 9 | E6: =IF(OR(C6="",D6=""),"",D6/C6) -> 0.42857143 | F6: 62 | G6: 15 | H6: =IF(OR(F6="",G6=""),"",G6/F6) -> 0.24193548 | I6: • TTF nur 1 allgemeines Konstrukt statt 8 je Aufgabentyp (0/8) • Fake-IDs (z • B • BI_3, gibts im Original nicht) • Nur 4 von 8 Aufgabentypen • Tabelle hört mittendrin auf
A7: Paper 3 | B7: 2 | C7: 21 | D7: 10 | E7: =IF(OR(C7="",D7=""),"",D7/C7) -> 0.47619048 | F7: 62 | G7: 18 | H7: =IF(OR(F7="",G7=""),"",G7/F7) -> 0.29032258 | I7: • TTF wieder nur allgemein • Fake-IDs • 5 von 8 Aufgabentypen
A8: Paper 3 | B8: 3 | C8: 21 | D8: 2 | E8: =IF(OR(C8="",D8=""),"",D8/C8) -> 0.095238095 | F8: 62 | G8: 5 | H8: =IF(OR(F8="",G8=""),"",G8/F8) -> 0.080645161 | I8: • Nur BI und PERF eigenständig, Aufgaben- und Technologiemerkmale je in ein Sammelkonstrukt gepackt, Aufgaben-Items sind Doppelfragen • Fake-IDs
A12: P1: Akzeptanz von KI-gestützten Systemen bei medizinischen Behandlungen / Patientinnen und Patienten / KI-gestützte Gesundheitsinformationssysteme bei der eigenen Behandlung / die Nutzungsabsicht
A13: P3: Nutzung von Virtual Reality für berufliche Aufgaben / Berufstätige / Virtual Reality bei der eigenen Arbeit / die Nutzungsabsicht und die wahrgenommene Leistung
A14: Treffer = gleiche Aussage, gleiche Richtung, nichts dazu. Sinnverkehrt zählt nicht.
A16: Mit v5
A17: Paper | B17: Lauf | C17: Konstrukte Original | D17: Konstrukte getroffen | E17: Quote Konstrukte | F17: Items Original | G17: Items inhaltlich übereinstimmend | H17: Quote Items | I17: Notiz
A18: Paper 1 | B18: 1 | C18: 11 | D18: 10 | E18: =IF(OR(C18="",D18=""),"",D18/C18) -> 0.90909091 | F18: 37 | G18: 11 | H18: =IF(OR(F18="",G18=""),"",G18/F18) -> 0.2972973 | I18: • Alles „neu formuliert“, keine Fake-IDs mehr • Kosten in den Hypothesen, aber keine Items dazu
A19: Paper 1 | B19: 2 | C19: 11 | D19: 11 | E19: =IF(OR(C19="",D19=""),"",D19/C19) -> 1 | F19: 37 | G19: 12 | H19: =IF(OR(F19="",G19=""),"",G19/F19) -> 0.32432432 | I19: • Alles „neu formuliert“ • Alle 11 (+ Abilities, Nonadaptive Rewards)
A20: Paper 1 | B20: 3 | C20: 11 | D20: 11 | E20: =IF(OR(C20="",D20=""),"",D20/C20) -> 1 | F20: 37 | G20: 11 | H20: =IF(OR(F20="",G20=""),"",G20/F20) -> 0.2972973 | I20: • Alles „neu formuliert“ • Alle 11 (+2)
A21: Paper 3 | B21: 1 | C21: 21 | D21: 13 | E21: =IF(OR(C21="",D21=""),"",D21/C21) -> 0.61904762 | F21: 62 | G21: 27 | H21: =IF(OR(F21="",G21=""),"",G21/F21) -> 0.43548387 | I21: • Alle 8 Aufgabentypen + 3 Technologiemerkmale getrennt, alles „neu formuliert“ • TTF weiter nur allgemein (0/8)
A22: Paper 3 | B22: 2 | C22: 21 | D22: 13 | E22: =IF(OR(C22="",D22=""),"",D22/C22) -> 0.61904762 | F22: 62 | G22: 24 | H22: =IF(OR(F22="",G22=""),"",G22/F22) -> 0.38709677 | I22: • Wie Lauf 1, TTF wieder nur allgemein
A23: Paper 3 | B23: 3 | C23: 21 | D23: 13 | E23: =IF(OR(C23="",D23=""),"",D23/C23) -> 0.61904762 | F23: 62 | G23: 22 | H23: =IF(OR(F23="",G23=""),"",G23/F23) -> 0.35483871 | I23: • Wie Lauf 1, TTF wieder nur allgemein

Sheet Ursachentest
A1: Ursachentest: Warum immer nur Vertrauensmodell?
A2: • A = v3 ohne Quellenregel • B = v3, aber paper 4 nur englisch • C = beides • übersetzte Items ok, wenn Bedeutung gleich + Quelle stimmt
A4: Test | B4: Lauf | C4: Quellenregel | D4: Material | E4: Theorien im Modell | F4: RAA-Konstrukte | G4: Konstrukte | H4: Neuansätze | I4: Breiter als v3? | J4: Auffälligkeiten
A5: v3 (Referenz) | B5: 1 | C5: ja | D5: DE+EN | E5: Vertrauen | F5: keine | G5: 5 | H5: 0 | I5: – | J5: • Fragebogen 4 komplett
A6: v3 (Referenz) | B6: 2 | C6: ja | D6: DE+EN | E6: Vertrauen | F6: keine | G6: 5 | H6: 0 | I6: –
A7: v3 (Referenz) | B7: 3 | C7: ja | D7: DE+EN | E7: Vertrauen | F7: keine | G7: 5 | H7: 0 | I7: –
A8: A | B8: 1 | C8: nein | D8: DE+EN | E8: Vertrauen + UTAUT2/TAM (PU, PEOU) + PBC | F8: nur Kontrolle | G8: 8 | H8: 0 | I8: ja
A9: A | B9: 2 | C9: nein | D9: DE+EN | E9: Vertrauen | F9: keine | G9: 5 | H9: 0 | I9: nein | J9: • RAA nur für die Zielgröße erwähnt
A10: A | B10: 3 | C10: nein | D10: DE+EN | E10: Vertrauen + UTAUT2 (PU, PEOU) | F10: keine | G10: 6 | H10: 0 | I10: ja
A11: B | B11: 1 | C11: ja | D11: nur EN | E11: Vertrauen | F11: keine | G11: 5 | H11: 0 | I11: nein | J11: • Items übersetzt; D1 durch Übersetzung sinnverkehrt („keinen Zweifel, dass … weitergibt“) und als invers markiert
A12: B | B12: 2 | C12: ja | D12: nur EN | E12: Vertrauen + PEOU | F12: keine | G12: 6 | H12: 0 | I12: ja
A13: B | B13: 3 | C13: ja | D13: nur EN | E13: Vertrauen + RAA | F13: Einstellung, Normen, Kontrolle | G13: 8 | H13: 0 | I13: ja | J13: • Hypothese Kontrolle -> Nutzungsabsicht mit (−), laut RAA (+)
A14: C | B14: 1 | C14: nein | D14: nur EN | E14: Vertrauen + TAM/UTAUT2 (PU, PEOU) + PBC | F14: nur Kontrolle | G14: 7 | H14: 0 | I14: ja | J14: • Kontrolle -> Nutzungsabsicht mit (−); Benevolence fehlt
A15: C | B15: 2 | C15: nein | D15: nur EN | E15: Vertrauen | F15: keine | G15: 5 | H15: 0 | I15: nein
A16: C | B16: 3 | C16: nein | D16: nur EN | E16: Vertrauen + RAA + TAM | F16: Einstellung, Normen, Kontrolle | G16: 10 | H16: 0 | I16: ja | J16: • größtes Modell, trotzdem kein Abbruch; Kontrolle -> Nutzungsabsicht (+/−)
A17: v4 | B17: 1 | C17: ja (+ Übersetzungsregel) | D17: DE+EN | E17: Vertrauen | F17: keine | G17: 5 | H17: 0 | I17: nein | J17: • kein Item übersetzt
A18: v4 | B18: 2 | C18: ja (+ Übersetzungsregel) | D18: DE+EN | E18: Vertrauen | F18: keine | G18: 5 | H18: 0 | I18: nein | J18: • kein Item übersetzt
A19: v4 | B19: 3 | C19: ja (+ Übersetzungsregel) | D19: DE+EN | E19: Vertrauen | F19: keine | G19: 5 | H19: 0 | I19: nein | J19: • TAM fälschlich als Quelle genannt
A21: Ergebnis (nur 3 Läufe pro Test, also eher Tendenz):
A22: • v3 mit beidem: 3/3 nur Vertrauen
A23: • A ohne Quellenregel: 2/3 breiter, RAA aber nie komplett
A24: • B nur englisch: 2/3 breiter, 1x komplettes RAA
A25: • C beides weg: 2/3 breiter, 1x größtes Modell mit RAA + TAM (10 Konstrukte)
A26: • Eng wirds nur stabil, wenn Quellenregel und deutscher Fragebogen 4 zusammenkommen. Fällt eins weg, wirds meist breiter. Komplettes RAA nur mit englischem Material. In jeder Variante bleibt 1 von 3 Läufen beim Vertrauensmodell
A27: • Keine Abbrüche, auch nicht bei 10 Konstrukten. In v1 sind Fassungen mit 6-8 Konstrukten abgebrochen, der Längen-Block scheint also zu wirken
A28: • Sobald RAA drin ist, kommt Kontrolle -> Nutzungsabsicht öfter mit Minus raus (falsch)
A29: • Übersetzen ist riskant: D1 in B Lauf 1 sinnverkehrt
A30: • v4 (Übersetzungsregel, Material gleich): 0 von 3 breiter. Mit einer Anweisung allein krieg ich die Verengung nicht weg
